<!-- Usage notes are located in this file, look for "Usage"-->
<?xml version="1.0" ?>
<sdf version="1.5">
  <world name="default">
    <gui>
      <camera name="user_camera">
        <pose>0 -18 8.0 0 0.523 1.5707</pose>
      </camera>
    </gui>
    <light name="sun" type="directional">
      <cast_shadows>1</cast_shadows>
      <pose>0 0 10 0 -0 0</pose>
      <diffuse>0.8 0.8 0.8 1</diffuse>
      <specular>0.2 0.2 0.2 1</specular>
      <attenuation>
        <range>1000</range>
        <constant>0.9</constant>
        <linear>0.01</linear>
        <quadratic>0.001</quadratic>
      </attenuation>
      <direction>0 0.5 -0.9</direction>
    </light>

    <light name="point_light" type="point">
      <pose>0 -0.377195 6.59868 0 -0 0</pose>
      <diffuse>0.784314 0.784314 0.784314 1</diffuse>
      <specular>0.0980392 0.0980392 0.0980392 1</specular>
      <attenuation>
        <range>50</range>
        <constant>0.8</constant>
        <linear>0</linear>
        <quadratic>0.001</quadratic>
      </attenuation>
      <cast_shadows>0</cast_shadows>
      <direction>0 0 -1</direction>
    </light>

    <include>
      <uri>model://ground_plane</uri>
    </include>

    <include>
      <uri>model://cafe</uri>
    </include>

    <include>
      <name>table1</name>
      <pose>0.5 -1.6 0.2 0 0 0</pose>
      <uri>model://cafe_table</uri>
    </include>

    <include>
      <name>table2</name>
      <pose>2.4 -5.5 0.2 0 0 0</pose>
      <uri>model://cafe_table</uri>
    </include>

    <include>
      <name>table3</name>
      <pose>-1.5 -5.5 0.2 0 0 0</pose>
      <uri>model://cafe_table</uri>
    </include>

    <include>
      <name>table4</name>
      <pose>2.4 -9 0.2 0 0 0</pose>
      <uri>model://cafe_table</uri>
    </include>

    <include>
      <name>table5</name>
      <pose>-1.5 -9 0.2 0 0 0</pose>
      <uri>model://cafe_table</uri>
    </include>

    <actor name="actor1">
      <pose>-1 2 1.25 0 0 0</pose>
      <skin>
        <filename>walk-red.dae</filename>
        <scale>1.0</scale>
      </skin>
      <animation name="walking">
        <filename>walk-red.dae</filename>
        <scale>1.000000</scale>
        <interpolate_x>true</interpolate_x>
      </animation>

      <link name="link">
        <collision name="box">
          <geometry>
            <mesh>
              <uri>model://casual_female/meshes/casual_female.dae</uri>
            </mesh>
          </geometry>
        </collision>
      </link>

      <plugin name="actor1_plugin" filename="libPedestrianSFMPlugin.so">
        <velocity>0.5</velocity>
        <radius>0.4</radius>
        <animation_factor>5.1</animation_factor>
        <people_distance>6.0</people_distance>
        <!-- weights -->
        <goal_weight>2.0</goal_weight>
        <obstacle_weight>80.0</obstacle_weight> <!--10.0-->
        <social_weight>15</social_weight> <!--2.1-->
        <group_gaze_weight>3.0</group_gaze_weight>
        <group_coh_weight>2.0</group_coh_weight>
        <group_rep_weight>1.0</group_rep_weight>
        <ignore_obstacles>
          <model>cafe</model>
          <model>ground_plane</model>
        </ignore_obstacles>
        <trajectory>
          <cyclic>true</cyclic>
          <waypoint>-1 2 1.25</waypoint>
          <waypoint>-1 -8 1.25</waypoint>
        </trajectory>
      </plugin>
    </actor>



    <actor name="actor4">
      <pose>3 0 1.25 0 0 0</pose>
      <skin>
        <filename>walk.dae</filename> 
        <scale>1.0</scale>
      </skin>
      <animation name="walking">
        <filename>walk.dae</filename>
        <scale>1.000000</scale>
        <interpolate_x>true</interpolate_x>
      </animation>

      <plugin name="actor4_plugin" filename="libPedestrianSFMPlugin.so">
        <velocity>0.5</velocity>
        <radius>0.4</radius>
        <animation_factor>5.1</animation_factor>
        <people_distance>6.0</people_distance>
        <goal_weight>2.0</goal_weight>
        <obstacle_weight>80.0</obstacle_weight>
        <social_weight>15.0</social_weight> 
        <group_gaze_weight>3.0</group_gaze_weight>
        <group_coh_weight>2.0</group_coh_weight>
        <group_rep_weight>1.0</group_rep_weight>
        <group>
            <model>actor5</model>
        </group>
        <ignore_obstacles>
          <model>cafe</model>
          <model>ground_plane</model>
        </ignore_obstacles>
        <trajectory>
          <cyclic>true</cyclic>
          <waypoint>3 0 1.25</waypoint>
          <waypoint>-3 0 1.25</waypoint>
        </trajectory>
      </plugin>
    </actor>

    <actor name="actor5">
      <pose>3 0.8 1.25 0 0 0</pose>
      <skin>
        <filename>walk.dae</filename> 
        <scale>1.0</scale>
      </skin>
      <animation name="walking">
        <filename>walk.dae</filename>
        <scale>1.000000</scale>
        <interpolate_x>true</interpolate_x>
      </animation>

      <plugin name="actor5_plugin" filename="libPedestrianSFMPlugin.so">
        <velocity>0.4</velocity>
        <radius>0.4</radius>
        <animation_factor>5.1</animation_factor>
        <people_distance>6.0</people_distance>
        <goal_weight>2.0</goal_weight>
        <obstacle_weight>80.0</obstacle_weight>
        <social_weight>15.0</social_weight> 
        <group_gaze_weight>3.0</group_gaze_weight>
        <group_coh_weight>2.0</group_coh_weight>
        <group_rep_weight>1.0</group_rep_weight>
        <group>
            <model>actor4</model>
        </group>
        <ignore_obstacles> 
          <model>cafe</model>
          <model>ground_plane</model>
        </ignore_obstacles>
        <trajectory>
          <cyclic>true</cyclic>
          <waypoint>3 0.8 1.25</waypoint>
          <waypoint>-3 0.8 1.25</waypoint>
        </trajectory>
      </plugin>
    </actor>

  </world>
</sdf>
